洲,分區,國家
南極洲.png,,
亞洲,亞洲.png,
亞洲,中亞,中亞.png
亞洲,中亞,吉爾吉斯.png
亞洲,中亞,哈薩克.png
亞洲,中亞,土庫曼.png
亞洲,中亞,塔吉克.png
亞洲,中亞,烏茲別克.png
亞洲,南亞,不丹.png
亞洲,南亞,南亞.png
亞洲,南亞,印度.png
亞洲,南亞,孟加拉.png
亞洲,南亞,尼泊爾.png
亞洲,南亞,巴基斯坦.png
亞洲,南亞,斯里蘭卡.png
亞洲,南亞,阿富汗.png
亞洲,南亞,馬爾地夫.png
亞洲,東亞,中國.png
亞洲,東亞,中華民國.png
亞洲,東亞,北韓.png
亞洲,東亞,南韓.png
亞洲,東亞,日本.png
亞洲,東亞,東亞.png
亞洲,東亞,澳門.png
亞洲,東亞,蒙古.png
亞洲,東亞,香港.png
亞洲,東南亞,印尼.png
亞洲,東南亞,寮國.png
亞洲,東南亞,新加坡.png
亞洲,東南亞,東南亞.png
亞洲,東南亞,東帝汶.png
亞洲,東南亞,柬埔寨.png
亞洲,東南亞,汶萊.png
亞洲,東南亞,泰國.png
亞洲,東南亞,緬甸.png
亞洲,東南亞,菲律賓.png
亞洲,東南亞,越南.png
亞洲,東南亞,馬來西亞.png
亞洲,西亞,亞塞拜然.png
亞洲,西亞,亞美尼亞.png
亞洲,西亞,以色列.png
亞洲,西亞,伊拉克.png
亞洲,西亞,伊朗.png
亞洲,西亞,卡達.png
亞洲,西亞,喬治亞.png
亞洲,西亞,土耳其.png
亞洲,西亞,巴勒斯坦.png
亞洲,西亞,巴林.png
亞洲,西亞,敘利亞.png
亞洲,西亞,沙烏地阿拉伯.png
亞洲,西亞,科威特.png
亞洲,西亞,約旦.png
亞洲,西亞,葉門.png
亞洲,西亞,西亞.png
亞洲,西亞,賽普勒斯.png
亞洲,西亞,阿富汗.png
亞洲,西亞,阿拉伯聯合大公國.png
亞洲,西亞,阿曼.png
亞洲,西亞,黎巴嫩.png
大洋洲,吉里巴斯.png,
大洋洲,吐瓦魯.png,
大洋洲,大洋洲.png,
大洋洲,密克羅尼西亞.png,
大洋洲,巴布亞紐幾內亞.png,
大洋洲,帛琉.png,
大洋洲,斐濟.png,
大洋洲,東加.png,
大洋洲,澳洲.png,
大洋洲,紐西蘭.png,
大洋洲,索羅門群島.png,
大洋洲,萬那杜.png,
大洋洲,薩摩亞.png,
大洋洲,諾魯.png,
大洋洲,馬紹爾群島.png,
歐洲,歐洲.png,
歐洲,中歐,列支敦斯登.png
歐洲,中歐,匈牙利.png
歐洲,中歐,奧地利.png
歐洲,中歐,德國.png
歐洲,中歐,捷克.png
歐洲,中歐,斯洛伐克.png
歐洲,中歐,斯洛維尼亞.png
歐洲,中歐,波蘭.png
歐洲,中歐,瑞士.png
歐洲,北歐,丹麥.png
歐洲,北歐,冰島.png
歐洲,北歐,挪威.png
歐洲,北歐,瑞典.png
歐洲,北歐,芬蘭.png
歐洲,南歐,克羅埃西亞.png
歐洲,南歐,北馬其頓.png
歐洲,南歐,塞爾維亞.png
歐洲,南歐,安道爾.png
歐洲,南歐,希臘.png
歐洲,南歐,斯洛維尼亞.png
歐洲,南歐,梵蒂岡.png
歐洲,南歐,波士尼亞與赫塞哥維納.png
歐洲,南歐,科索沃.png
歐洲,南歐,義大利.png
歐洲,南歐,聖馬利諾.png
歐洲,南歐,葡萄牙.png
歐洲,南歐,蒙特內哥羅.png
歐洲,南歐,西班牙.png
歐洲,南歐,阿爾巴尼亞.png
歐洲,南歐,馬爾他.png
歐洲,東歐,俄羅斯.png
歐洲,東歐,保加利亞.png
歐洲,東歐,愛沙尼亞.png
歐洲,東歐,拉脫維亞.png
歐洲,東歐,摩爾多瓦.png
歐洲,東歐,烏克蘭.png
歐洲,東歐,白俄羅斯.png
歐洲,東歐,立陶宛.png
歐洲,東歐,羅馬尼亞.png
歐洲,西歐,愛爾蘭.png
歐洲,西歐,摩納哥.png
歐洲,西歐,比利時.png
歐洲,西歐,法國.png
歐洲,西歐,盧森堡.png
歐洲,西歐,英國.png
歐洲,西歐,荷蘭.png
美洲,美洲.png,
美洲,中美洲,中美洲.png
美洲,中美洲,千里達及托巴哥.png
美洲,中美洲,古巴.png
美洲,中美洲,哥斯大黎加.png
美洲,中美洲,多明尼加.png
美洲,中美洲,多米尼克.png
美洲,中美洲,安地卡及巴布達.png
美洲,中美洲,宏都拉斯.png
美洲,中美洲,尼加拉瓜.png
美洲,中美洲,巴哈馬.png
美洲,中美洲,巴拿馬.png
美洲,中美洲,巴貝多.png
美洲,中美洲,格瑞那達.png
美洲,中美洲,海地.png
美洲,中美洲,牙買加.png
美洲,中美洲,瓜地馬拉.png
美洲,中美洲,聖克里斯多福及尼維斯.png
美洲,中美洲,聖文森及格瑞那丁.png
美洲,中美洲,聖露西亞.png
美洲,中美洲,薩爾瓦多.png
美洲,中美洲,貝里斯.png
美洲,北美洲,加拿大.png
美洲,北美洲,北美洲.png
美洲,北美洲,墨西哥.png
美洲,北美洲,美國.png
美洲,南美洲,南美洲.png
美洲,南美洲,厄瓜多.png
美洲,南美洲,哥倫比亞.png
美洲,南美洲,委內瑞拉.png
美洲,南美洲,巴拉圭.png
美洲,南美洲,巴西.png
美洲,南美洲,智利.png
美洲,南美洲,烏拉圭.png
美洲,南美洲,玻利維亞.png
美洲,南美洲,秘魯.png
美洲,南美洲,蓋亞那.png
美洲,南美洲,蘇利南.png
美洲,南美洲,阿根廷.png
非洲,非洲.png,
非洲,中非,中非.png
非洲,中非,剛果.png
非洲,中非,加彭.png
非洲,中非,喀麥隆.png
非洲,中非,安哥拉.png
非洲,中非,查德.png
非洲,中非,民主剛果.png
非洲,中非,聖多美普林西比.png
非洲,中非,赤道幾內亞.png
非洲,北非,利比亞.png
非洲,北非,埃及.png
非洲,北非,摩洛哥.png
非洲,北非,突尼西亞.png
非洲,北非,蘇丹.png
非洲,北非,阿爾及利亞.png
非洲,南非,南非.png
非洲,南非,史瓦帝尼.png
非洲,南非,波札那.png
非洲,南非,納米比亞.png
非洲,南非,賴索托.png
非洲,東非,南蘇丹.png
非洲,東非,厄利垂亞.png
非洲,東非,吉布地.png
非洲,東非,坦尚尼亞.png
非洲,東非,塞席爾.png
非洲,東非,尚比亞.png
非洲,東非,模里西斯.png
非洲,東非,烏干達.png
非洲,東非,盧安達.png
非洲,東非,索馬利亞.png
非洲,東非,肯亞.png
非洲,東非,莫三比克.png
非洲,東非,葛摩.png
非洲,東非,蒲隆地.png
非洲,東非,衣索比亞.png
非洲,東非,辛巴威.png
非洲,東非,馬拉威.png
非洲,東非,馬達加斯加.png
非洲,西非,塞內加爾.png
非洲,西非,多哥.png
非洲,西非,奈及利亞.png
非洲,西非,尼日.png
非洲,西非,布吉納法索.png
非洲,西非,幾內亞.png
非洲,西非,幾內亞比索.png
非洲,西非,獅子山.png
非洲,西非,甘比亞.png
非洲,西非,維德角.png
非洲,西非,茅利塔尼亞.png
非洲,西非,象牙海岸.png
非洲,西非,貝南.png
非洲,西非,賴比瑞亞.png
非洲,西非,迦納.png
非洲,西非,馬利.png
